{
  "model_type": "L2-balanced-logistic-with-prior-correction",
  "random_seed": 20200713,
  "preprocessor": {
    "features": [
      "年化销项净额",
      "年化利润",
      "利润率",
      "年化客户数",
      "年化供应商数",
      "收入波动率",
      "成本波动率",
      "收入趋势率",
      "活跃月份比例",
      "最近断档月数",
      "销项作废率",
      "进项作废率",
      "销项负数发票率",
      "进项负数发票率",
      "销项负数金额率",
      "进项负数金额率"
    ],
    "lower": [
      9.99717767117661,
      -15.675469811299267,
      -2.0,
      0.5023472794212056,
      0.3945259380678628,
      0.31394446058563436,
      0.35012589534425775,
      -0.07873516311649541,
      0.3859477124183006,
      0.0,
      0.008615664845173043,
      0.0,
      0.0,
      0.0,
      0.0,
      0.0
    ],
    "upper": [
      19.930425058547108,
      18.883647193241615,
      0.9995878258793294,
      6.875766853375034,
      6.600684056755664,
      3.3978543190238937,
      5.461885509655358,
      0.1628970606427865,
      1.0,
      0.0,
      0.4922539682539683,
      0.11919620490384145,
      0.2253351378343432,
      0.03894744127185004,
      0.2795861101526217,
      0.167599455432243
    ],
    "mean": [
      15.115118562793338,
      11.177190526506152,
      0.4235512610572584,
      2.804642014453597,
      3.325822160799123,
      1.2844491772298183,
      1.7387749809296211,
      0.019218128228293198,
      0.9216970711878449,
      0.0,
      0.11825983072327183,
      0.027709996256420726,
      0.024328496363260524,
      0.006109755298590881,
      0.02560446077062712,
      0.01193652704956815
    ],
    "scale": [
      2.3183228757111016,
      9.141059440816205,
      0.6907297608733515,
      1.4608008659210978,
      1.5139764654250167,
      0.7190681817632083,
      1.18252525367199,
      0.04513698328552308,
      0.13863511272444656,
      1.0,
      0.1004073429116829,
      0.02605855911628379,
      0.041082512339817384,
      0.007937781354520303,
      0.050600022222920614,
      0.026845979630034014
    ],
    "log_features": [
      "年化供应商数",
      "年化利润",
      "年化客户数",
      "年化销项净额"
    ]
  },
  "parameters": [
    -0.5953410262140529,
    -0.6744511143004472,
    -0.01256496045333921,
    -0.283016420383549,
    -0.30030017621603255,
    -0.0724023756477888,
    0.4777783574561588,
    -0.15720364284231236,
    -0.06032712957090555,
    -0.15910328660328027,
    0.0,
    0.22658025300067441,
    0.030186244764833017,
    0.028468523156108125,
    -0.09811913751954297,
    -0.010269472020053122,
    0.023129541198300924
  ],
  "prior": 0.21951219512195122,
  "lambda": 0.1,
  "lambda_cv_losses": {
    "0.01": 0.4308093581800031,
    "0.1": 0.3699836484014427,
    "1.0": 0.41473784565304284,
    "10.0": 0.4991422320298267
  },
  "nested_selected_lambdas": [
    0.1,
    0.1,
    0.1,
    0.1,
    0.1,
    0.1,
    0.1,
    0.1,
    0.1,
    0.1,
    0.1,
    0.1,
    0.1,
    0.1,
    0.1,
    0.1,
    0.1,
    0.1,
    0.1,
    0.1,
    0.1,
    1.0,
    1.0,
    0.1,
    0.1
  ],
  "grade_thresholds": {
    "A": [
      0.0,
      0.1
    ],
    "B": [
      0.1,
      0.2
    ],
    "C": [
      0.2,
      0.4
    ],
    "D": [
      0.4,
      1.01
    ]
  },
  "topsis": {
    "features": [
      "年化销项净额",
      "年化利润",
      "利润率",
      "年化客户数",
      "年化供应商数",
      "活跃月份比例",
      "收入趋势率",
      "收入波动率",
      "成本波动率",
      "最近断档月数",
      "销项作废率",
      "进项作废率",
      "销项负数金额率",
      "进项负数金额率"
    ],
    "lower": [
      9.99717767117661,
      -15.675469811299267,
      -2.0,
      0.5023472794212056,
      0.3945259380678628,
      0.3859477124183006,
      -0.07873516311649541,
      0.31394446058563436,
      0.35012589534425775,
      0.0,
      0.008615664845173043,
      0.0,
      0.0,
      0.0
    ],
    "upper": [
      19.930425058547108,
      18.883647193241615,
      0.9995878258793294,
      6.875766853375034,
      6.600684056755664,
      1.0,
      0.1628970606427865,
      3.3978543190238937,
      5.461885509655358,
      0.0,
      0.4922539682539683,
      0.11919620490384145,
      0.2795861101526217,
      0.167599455432243
    ],
    "minimum": [
      9.99717767117661,
      -15.675469811299267,
      -2.0,
      0.5023472794212056,
      0.3945259380678628,
      0.3859477124183006,
      -0.07873516311649541,
      0.31394446058563436,
      0.35012589534425775,
      0.0,
      0.008615664845173043,
      0.0,
      0.0,
      0.0
    ],
    "maximum": [
      19.930425058547108,
      18.883647193241615,
      0.9995878258793294,
      6.875766853375034,
      6.600684056755664,
      1.0,
      0.1628970606427865,
      3.3978543190238937,
      5.461885509655358,
      0.0,
      0.4922539682539683,
      0.11919620490384145,
      0.2795861101526217,
      0.167599455432243
    ],
    "directions": [
      "positive",
      "positive",
      "positive",
      "positive",
      "positive",
      "positive",
      "positive",
      "negative",
      "negative",
      "negative",
      "negative",
      "negative",
      "negative",
      "negative"
    ],
    "weights": [
      0.09999999999999998,
      0.11999999999999997,
      0.09999999999999998,
      0.06999999999999999,
      0.06999999999999999,
      0.07999999999999999,
      0.07999999999999999,
      0.07999999999999999,
      0.059999999999999984,
      0.04999999999999999,
      0.04999999999999999,
      0.039999999999999994,
      0.04999999999999999,
      0.04999999999999999
    ],
    "log_features": [
      "年化供应商数",
      "年化利润",
      "年化客户数",
      "年化销项净额"
    ]
  }
}